SubstationID,Region,InfrastructureAgeYears,CapacityMW,CurrentUtilizationPct,AnnualMaintenanceCost,OutagesLast5Years,ProjectedLoadGrowthPct,RiskScore,RiskTier,UtilizationBand,PriorityRank
1000,North,51,424,77.4,178539.35,1,11.3,69.22,Elevated,70-85%,35
1001,West,48,1233,85.42,118989.35,1,2.03,51.89,Moderate,85-90%,274
1002,Central,21,785,54.22,157614.48,1,9.46,46.59,Moderate,Under 70%,358
1003,East,10,692,51.93,759667.47,2,6.16,37.9,Low,Under 70%,452
1004,South,37,818,57.0,478036.52,8,7.05,70.0,Critical,Under 70%,31
1005,Central,48,1347,50.62,211378.64,3,8.24,59.87,Elevated,Under 70%,149
1006,South,42,1072,77.16,100737.69,2,2.37,50.69,Moderate,70-85%,294
1007,Central,34,634,101.0,105684.63,4,8.64,73.18,Critical,Over 100%,16
1008,South,52,1308,81.7,656394.77,7,0.43,67.17,Elevated,70-85%,55
1009,East,6,516,63.65,375942.58,3,5.66,41.82,Moderate,Under 70%,414
1010,South,49,1068,86.86,542691.96,0,7.1,59.86,Elevated,85-90%,150
1011,North,47,1231,55.7,656407.62,2,10.68,62.87,Elevated,Under 70%,94
1012,Central,4,1488,92.23,379238.35,2,8.52,52.31,Moderate,90-100%,266
1013,South,4,1109,92.56,251454.13,6,4.65,56.67,Elevated,90-100%,203
1014,North,13,881,91.01,663282.82,2,3.05,44.6,Moderate,90-100%,387
1015,West,33,1178,103.07,97261.39,4,8.93,73.98,Critical,Over 100%,13
1016,Central,48,1261,68.39,318999.72,6,8.67,75.06,Critical,Under 70%,11
1017,North,40,435,47.61,414944.86,1,6.99,47.26,Moderate,Under 70%,349
1018,North,38,448,68.48,601012.38,3,6.48,57.7,Elevated,Under 70%,183
1019,North,20,416,67.37,926776.16,5,6.07,55.35,Elevated,Under 70%,223
1020,East,8,754,74.0,485972.18,3,11.21,56.82,Elevated,70-85%,200
1021,West,6,1232,72.11,572328.93,0,1.63,27.29,Low,70-85%,498
1022,East,39,933,61.11,786564.24,2,2.54,45.01,Moderate,Under 70%,382
1023,South,40,757,63.41,932295.23,3,6.69,57.4,Elevated,Under 70%,190
1024,North,9,1234,77.98,143827.69,8,11.25,73.49,Critical,70-85%,14
1025,West,39,807,80.82,799720.18,4,3.1,58.05,Elevated,70-85%,178
1026,South,21,1016,95.69,105365.38,1,6.07,52.25,Moderate,90-100%,270
1027,West,33,1265,102.14,553622.18,4,9.82,75.48,Critical,Over 100%,9
1028,North,26,447,54.08,136375.84,3,3.67,42.96,Moderate,Under 70%,403
1029,Central,33,430,94.65,342210.8,2,7.94,63.48,Elevated,90-100%,91
1030,West,24,765,104.49,240929.85,2,10.2,67.35,Elevated,Over 100%,54
1031,North,36,1193,84.4,391432.56,2,8.12,61.96,Elevated,70-85%,106
1032,East,14,632,90.25,439923.47,4,8.19,61.05,Elevated,90-100%,119
1033,Central,52,824,72.74,417026.56,5,7.11,71.84,Critical,70-85%,21
1034,North,32,760,95.02,304799.77,0,3.23,47.77,Moderate,90-100%,340
1035,North,28,1025,72.24,292523.24,4,2.1,49.07,Moderate,70-85%,312
1036,South,38,754,92.43,529255.75,3,0.69,53.31,Moderate,90-100%,248
1037,Central,51,1032,55.74,136123.78,3,11.02,68.16,Elevated,Under 70%,43
1038,West,53,870,92.58,715313.88,3,9.85,77.67,Critical,90-100%,5
1039,West,36,1390,58.88,941642.61,1,3.06,41.18,Moderate,Under 70%,425
1040,East,30,1442,80.34,556301.14,4,7.26,62.62,Elevated,70-85%,99
1041,West,46,683,68.02,73979.33,7,1.03,61.87,Elevated,Under 70%,109
1042,Central,37,969,75.32,62725.36,1,8.31,57.02,Elevated,70-85%,196
1043,South,46,730,49.1,730994.22,2,0.65,40.43,Moderate,Under 70%,431
1044,Central,27,500,52.73,312307.08,4,7.2,53.02,Moderate,Under 70%,252
1045,West,2,326,81.7,288669.55,2,0.09,31.49,Low,70-85%,487
1046,West,19,1273,91.07,894139.46,1,6.22,50.36,Moderate,90-100%,298
1047,East,30,1107,48.78,998796.48,3,4.66,44.95,Moderate,Under 70%,383
1048,North,26,1450,65.64,501471.46,1,9.24,51.57,Moderate,Under 70%,281
1049,South,51,1146,73.93,404884.63,3,9.88,71.34,Critical,70-85%,23
1050,West,5,352,92.78,426972.33,4,11.22,64.27,Elevated,90-100%,79
1051,North,1,1207,82.89,711996.83,3,11.32,56.91,Elevated,70-85%,198
1052,North,15,827,89.36,279095.93,0,9.36,51.53,Moderate,85-90%,282
1053,Central,13,495,93.08,544070.51,4,7.78,60.68,Elevated,90-100%,129
1054,West,20,746,52.67,615645.36,1,8.65,44.1,Moderate,Under 70%,397
1055,West,38,310,72.25,719290.64,3,4.63,55.14,Elevated,70-85%,226
1056,East,14,584,92.35,447051.73,0,1.17,35.64,Low,90-100%,471
1057,East,26,1433,96.96,455852.74,2,0.43,46.35,Moderate,90-100%,364
1058,West,46,1243,59.07,730067.12,1,10.37,59.86,Elevated,Under 70%,150
1059,Central,15,352,56.45,147371.04,2,6.56,42.06,Moderate,Under 70%,412
1060,South,43,307,49.34,326409.31,1,1.25,37.5,Low,Under 70%,457
1061,Central,1,708,68.36,288911.15,6,3.99,46.89,Moderate,Under 70%,351
1062,West,12,1075,90.4,92799.06,0,3.91,39.74,Low,90-100%,436
1063,East,14,871,80.07,460364.66,2,7.69,51.0,Moderate,70-85%,290
1064,West,16,452,59.16,875586.99,2,0.99,32.13,Low,Under 70%,485
1065,South,53,1116,45.17,237067.23,2,9.03,58.81,Elevated,Under 70%,166
1066,East,54,612,91.12,535770.5,3,2.09,62.12,Elevated,90-100%,104
1067,West,38,892,72.48,859894.11,2,10.43,63.8,Elevated,70-85%,86
1068,North,1,1379,93.36,194054.16,0,9.75,47.91,Moderate,90-100%,336
1069,South,37,749,82.48,563427.71,3,3.83,56.2,Elevated,70-85%,214
1070,South,3,786,68.8,872079.82,4,9.23,52.3,Moderate,Under 70%,267
1071,Central,18,1019,74.0,592844.23,1,7.23,46.86,Moderate,70-85%,352
1072,Central,51,584,88.59,988311.55,4,6.89,72.76,Critical,85-90%,19
1073,East,48,1120,75.77,570161.42,1,0.69,46.31,Moderate,70-85%,366
1074,West,44,1458,81.31,459926.72,2,2.37,52.73,Moderate,70-85%,255
1075,West,19,783,49.8,889636.35,4,5.51,45.56,Moderate,Under 70%,375
1076,South,4,968,53.59,895392.67,5,0.91,34.5,Low,Under 70%,476
1077,East,52,303,63.43,933130.4,1,11.88,66.59,Elevated,Under 70%,60
1078,North,39,797,69.94,650634.19,2,10.52,63.62,Elevated,Under 70%,89
1079,North,18,372,54.23,796138.9,3,8.86,50.19,Moderate,Under 70%,301
1080,South,30,688,47.66,77641.16,4,11.89,62.08,Elevated,Under 70%,105
1081,South,46,673,84.49,613258.4,1,8.16,63.07,Elevated,70-85%,92
1082,Central,38,1232,91.03,599515.65,2,3.13,54.77,Moderate,90-100%,233
1083,West,1,920,52.86,633044.86,2,3.87,30.0,Low,Under 70%,493
1084,North,16,1086,101.75,958777.63,2,8.05,59.02,Elevated,Over 100%,164
1085,North,17,792,80.08,902200.19,3,1.4,42.62,Moderate,70-85%,408
1086,Central,43,818,65.23,747957.04,2,2.57,47.91,Moderate,Under 70%,336
1087,West,31,1305,75.15,957498.29,0,9.54,54.02,Moderate,70-85%,239
1088,East,36,1281,52.35,472013.41,3,0.97,41.04,Moderate,Under 70%,426
1089,South,36,625,61.21,661146.11,2,3.63,46.02,Moderate,Under 70%,369
1090,North,8,611,77.49,600099.13,0,8.97,44.39,Moderate,70-85%,391
1091,West,3,477,62.11,502304.74,1,5.81,34.45,Low,Under 70%,477
1092,North,4,1421,59.15,390550.38,6,7.61,52.56,Moderate,Under 70%,259
1093,Central,47,358,93.0,267350.46,1,8.97,67.64,Elevated,90-100%,50
1094,West,27,818,70.69,130275.95,1,9.34,53.69,Moderate,70-85%,245
1095,North,23,831,65.58,206540.99,1,10.55,52.97,Moderate,Under 70%,253
1096,South,22,1190,61.52,950374.76,5,0.06,42.38,Moderate,Under 70%,410
1097,North,36,467,60.29,180011.74,2,10.36,59.21,Elevated,Under 70%,160
1098,North,14,905,80.41,976641.3,2,8.01,51.74,Moderate,70-85%,277
1099,North,36,592,76.55,334862.11,1,1.63,43.62,Moderate,70-85%,400
1100,Central,33,707,54.61,578209.0,5,3.93,52.44,Moderate,Under 70%,261
1101,West,11,1126,66.87,170396.75,4,3.01,42.48,Moderate,Under 70%,409
1102,Central,54,365,87.58,726395.97,1,4.85,60.57,Elevated,85-90%,133
1103,South,47,440,69.79,649657.91,8,9.86,83.46,Critical,Under 70%,1
1104,East,2,762,77.68,160652.26,5,8.65,56.4,Elevated,70-85%,210
1105,East,52,1162,47.89,898618.27,0,6.54,48.25,Moderate,Under 70%,326
1106,East,3,1259,55.03,994918.37,2,1.73,27.17,Low,Under 70%,499
1107,North,45,1489,88.54,333908.21,3,11.39,76.34,Critical,85-90%,7
1108,North,52,1377,98.84,989035.68,2,0.89,58.23,Elevated,90-100%,175
1109,South,22,1114,65.44,188752.41,0,4.96,38.35,Low,Under 70%,447
1110,South,39,807,89.66,732613.13,5,6.37,70.24,Critical,85-90%,29
1111,South,29,1135,45.76,987192.99,2,3.12,37.57,Low,Under 70%,454
1112,North,5,1101,102.7,327967.13,0,4.25,41.31,Moderate,Over 100%,421
1113,West,17,1457,88.22,210775.43,4,6.99,59.25,Elevated,85-90%,159
1114,South,50,683,103.8,208706.09,3,3.33,66.8,Elevated,Over 100%,58
1115,Central,47,511,80.22,833258.16,3,8.71,69.29,Elevated,70-85%,34
1116,East,28,1371,68.71,204279.18,2,3.49,44.79,Moderate,Under 70%,385
1117,West,54,568,59.04,662214.91,2,4.77,54.85,Moderate,Under 70%,231
1118,East,30,1184,65.26,325443.16,1,10.82,56.22,Elevated,Under 70%,213
1119,East,44,708,79.82,391994.01,2,0.2,47.95,Moderate,70-85%,334
1120,Central,26,551,86.52,162069.94,1,8.92,57.2,Elevated,85-90%,193
1121,East,53,1007,54.36,662879.56,1,10.0,60.51,Elevated,Under 70%,135
1122,West,20,858,59.83,575556.28,2,5.55,43.05,Moderate,Under 70%,402
1123,North,10,742,57.17,235101.62,1,4.37,32.89,Low,Under 70%,484
1124,Central,22,873,83.58,204602.75,4,3.39,52.65,Moderate,70-85%,256
1125,North,29,1457,99.31,886533.74,2,7.54,62.47,Elevated,90-100%,102
1126,North,18,1478,57.0,108943.05,6,8.62,59.54,Elevated,Under 70%,154
1127,West,41,551,89.26,535526.39,2,8.35,65.88,Elevated,85-90%,65
1128,North,3,398,72.58,58576.61,5,1.76,41.49,Moderate,70-85%,419
1129,North,40,560,79.42,741574.88,3,6.42,61.67,Elevated,70-85%,112
1130,East,24,888,57.32,617165.5,2,11.9,56.6,Elevated,Under 70%,205
1131,West,39,347,76.87,566766.76,1,4.17,50.0,Moderate,70-85%,303
1132,North,12,1444,54.79,465382.83,2,2.95,33.14,Low,Under 70%,483
1133,Central,37,1068,91.14,306566.57,1,8.73,62.6,Elevated,90-100%,100
1134,West,33,1345,68.66,347435.54,2,3.31,46.42,Moderate,Under 70%,362
1135,Central,11,991,49.11,354151.15,4,9.33,49.79,Moderate,Under 70%,305
1136,Central,23,760,69.72,243447.64,2,0.46,37.04,Low,Under 70%,460
1137,West,28,1365,52.47,971028.54,2,3.29,39.52,Low,Under 70%,437
1138,East,16,554,80.33,776874.07,3,5.38,50.26,Moderate,70-85%,300
1139,North,40,1282,65.65,802688.28,2,4.8,51.3,Moderate,Under 70%,287
1140,North,50,1308,95.72,589153.55,4,4.19,69.1,Elevated,90-100%,36
1141,East,3,790,98.88,514394.04,0,1.93,34.72,Low,90-100%,475
1142,South,5,1398,87.16,880211.37,3,4.79,46.73,Moderate,85-90%,355
1143,East,39,692,45.22,652956.48,2,8.0,51.17,Moderate,Under 70%,288
1144,Central,3,675,100.9,150006.38,4,10.44,64.35,Elevated,Over 100%,78
1145,South,13,1478,46.36,944769.0,2,3.0,31.11,Low,Under 70%,490
1146,West,30,1278,80.86,529787.74,2,0.98,44.22,Moderate,70-85%,394
1147,North,32,1204,48.47,928369.16,4,0.67,40.68,Moderate,Under 70%,430
1148,South,3,662,66.69,637444.05,0,10.06,41.33,Moderate,Under 70%,420
1149,West,47,1276,78.43,520000.61,2,10.06,68.45,Elevated,70-85%,40
1150,North,1,396,58.51,626489.23,3,6.04,39.03,Low,Under 70%,441
1151,East,43,1352,53.07,965809.86,2,8.03,55.18,Elevated,Under 70%,225
1152,Central,24,1279,91.78,524242.57,4,9.54,68.21,Elevated,90-100%,42
1153,East,19,773,54.74,511473.49,0,2.73,29.48,Low,Under 70%,495
1154,North,47,656,54.05,753883.96,5,10.19,70.4,Critical,Under 70%,27
1155,East,30,1333,86.05,339276.57,6,0.81,57.43,Elevated,85-90%,189
1156,East,15,478,50.49,841271.51,2,8.5,44.15,Moderate,Under 70%,395
1157,East,13,1344,57.83,343307.84,5,4.24,46.03,Moderate,Under 70%,368
1158,North,42,733,93.32,294262.66,4,8.17,73.14,Critical,90-100%,17
1159,North,1,403,70.14,985399.94,2,10.59,48.62,Moderate,70-85%,318
1160,Central,21,697,50.72,893633.08,4,0.81,37.24,Low,Under 70%,458
1161,West,38,1073,103.31,996215.03,2,5.65,63.49,Elevated,Over 100%,90
1162,East,44,1004,58.15,787149.74,2,3.89,48.82,Moderate,Under 70%,315
1163,North,51,921,67.85,475485.79,5,6.55,68.85,Elevated,Under 70%,38
1164,North,26,997,73.04,199497.9,0,5.01,42.33,Moderate,70-85%,411
1165,North,25,745,79.86,69967.58,2,9.13,58.22,Elevated,70-85%,176
1166,North,54,819,71.68,308668.6,2,6.57,62.24,Elevated,70-85%,103
1167,Central,52,709,89.06,255244.08,1,8.53,67.58,Elevated,85-90%,51
1168,South,10,707,49.09,352110.85,2,5.03,34.79,Low,Under 70%,474
1169,Central,53,1302,100.83,760036.68,5,2.74,71.93,Critical,Over 100%,20
1170,South,44,318,85.52,126158.37,3,1.77,55.8,Elevated,85-90%,220
1171,North,13,788,78.49,649881.53,2,5.42,45.59,Moderate,70-85%,374
1172,North,45,514,56.44,431945.88,2,5.21,51.35,Moderate,Under 70%,285
1173,South,10,840,66.38,147564.8,1,1.9,30.71,Low,Under 70%,491
1174,East,37,328,89.0,516627.23,0,0.02,41.54,Moderate,85-90%,418
1175,South,10,621,90.3,123795.7,3,7.4,54.89,Moderate,90-100%,230
1176,North,29,971,75.3,954307.82,4,10.85,67.89,Elevated,70-85%,48
1177,South,31,921,59.97,327001.28,1,11.29,55.97,Elevated,Under 70%,218
1178,East,7,463,95.05,226117.76,4,6.61,56.54,Elevated,90-100%,206
1179,East,45,1459,57.7,735300.71,4,5.91,59.13,Elevated,Under 70%,162
1180,South,11,1291,99.49,830497.13,4,9.51,65.27,Elevated,90-100%,72
1181,North,49,490,68.52,863757.87,2,5.45,57.06,Elevated,Under 70%,195
1182,North,37,1454,76.89,922668.8,2,3.49,50.85,Moderate,70-85%,293
1183,East,23,1498,103.5,184745.81,5,5.24,65.73,Elevated,Over 100%,68
1184,West,21,1030,84.75,928631.07,0,10.94,55.7,Elevated,70-85%,221
1185,Central,48,340,59.06,228998.27,4,4.87,58.66,Elevated,Under 70%,169
1186,South,13,869,45.7,356857.51,1,9.24,40.39,Moderate,Under 70%,432
1187,East,1,1405,90.29,252679.01,3,1.43,39.35,Low,90-100%,439
1188,South,16,1027,78.84,174790.79,2,2.87,41.79,Moderate,70-85%,415
1189,South,2,1102,57.44,456572.6,2,4.69,33.41,Low,Under 70%,482
1190,Central,29,466,92.48,833910.61,1,9.05,60.44,Elevated,90-100%,136
1191,East,3,434,48.78,956980.57,1,9.35,37.53,Low,Under 70%,455
1192,South,49,1292,66.21,511733.09,3,7.12,62.7,Elevated,Under 70%,96
1193,East,32,1462,76.35,121688.42,4,9.62,66.94,Elevated,70-85%,56
1194,West,42,561,46.53,218539.42,2,10.39,57.54,Elevated,Under 70%,188
1195,South,18,1133,53.11,619998.96,4,11.08,57.29,Elevated,Under 70%,191
1196,North,25,383,58.63,589289.21,3,2.66,41.91,Moderate,Under 70%,413
1197,Central,38,349,97.53,333597.78,3,0.14,53.74,Moderate,90-100%,242
1198,Central,16,627,86.02,107129.2,2,5.75,49.71,Moderate,85-90%,306
1199,South,16,1130,98.1,975388.87,2,11.63,65.09,Elevated,90-100%,73
1200,East,4,1008,76.98,782020.36,3,8.31,50.31,Moderate,70-85%,299
1201,West,48,603,91.04,703097.57,3,10.37,76.25,Critical,90-100%,8
1202,South,46,410,90.87,520954.16,1,6.09,60.84,Elevated,90-100%,125
1203,Central,33,403,68.84,292179.58,2,9.45,58.75,Elevated,Under 70%,168
1204,South,6,1220,76.6,380418.44,1,4.91,38.2,Low,70-85%,450
1205,South,44,691,98.74,394630.64,1,11.33,72.88,Critical,90-100%,18
1206,South,11,747,66.98,914890.1,5,9.66,58.81,Elevated,Under 70%,166
1207,East,13,371,101.51,190502.47,3,2.17,48.99,Moderate,Over 100%,313
1208,East,39,563,100.83,870889.92,3,0.03,54.91,Moderate,Over 100%,229
1209,South,10,404,52.54,264751.37,0,5.7,31.16,Low,Under 70%,488
1210,West,29,585,103.19,300594.3,2,3.19,54.94,Moderate,Over 100%,228
1211,Central,28,1198,104.55,803990.83,0,2.88,48.32,Moderate,Over 100%,323
1212,East,37,772,55.01,886648.59,3,7.24,54.78,Moderate,Under 70%,232
1213,East,13,462,103.32,578858.54,2,8.84,59.88,Elevated,Over 100%,148
1214,North,37,1260,98.88,585618.71,6,6.41,75.28,Critical,90-100%,10
1215,Central,44,708,63.11,159865.35,0,0.9,38.33,Low,Under 70%,448
1216,Central,46,673,68.91,353560.69,1,5.23,52.53,Moderate,Under 70%,260
1217,West,53,553,75.45,896152.35,4,7.15,70.14,Critical,70-85%,30
1218,East,43,606,86.74,565416.97,4,5.06,65.34,Elevated,85-90%,71
1219,South,35,417,98.58,186183.58,3,10.71,73.99,Critical,90-100%,12
1220,West,13,957,95.81,926197.1,0,1.79,37.52,Low,90-100%,456
1221,West,11,978,59.98,179836.16,3,9.58,50.55,Moderate,Under 70%,296
1222,West,42,937,68.58,461977.72,0,6.89,51.15,Moderate,Under 70%,289
1223,Central,51,990,75.58,922083.61,2,7.38,63.83,Elevated,70-85%,85
1224,Central,49,601,72.68,330277.45,2,5.44,58.28,Elevated,70-85%,173
1225,West,45,1244,97.43,510659.28,2,5.46,64.15,Elevated,90-100%,81
1226,East,37,307,46.78,719998.08,3,10.97,59.77,Elevated,Under 70%,152
1227,North,10,497,66.76,567667.13,2,3.26,36.55,Low,Under 70%,466
1228,East,5,1030,86.91,834701.26,2,5.82,45.71,Moderate,85-90%,373
1229,North,4,1443,88.26,765062.54,1,6.7,44.48,Moderate,85-90%,389
1230,North,20,1246,54.38,752491.73,1,9.31,45.93,Moderate,Under 70%,370
1231,Central,23,1067,100.36,488541.03,3,2.56,53.43,Moderate,Over 100%,247
1232,North,43,778,49.94,376328.78,2,10.39,58.96,Elevated,Under 70%,165
1233,West,22,584,59.48,772259.47,2,6.29,45.22,Moderate,Under 70%,378
1234,West,20,1336,80.95,295226.44,6,11.55,73.38,Critical,70-85%,15
1235,East,24,1058,50.62,623986.13,2,11.0,52.79,Moderate,Under 70%,254
1236,Central,6,386,81.95,733735.23,2,11.59,56.16,Elevated,70-85%,216
1237,West,10,1137,104.32,988079.24,6,11.93,77.16,Critical,Over 100%,6
1238,South,48,1491,88.72,487117.48,1,6.93,62.68,Elevated,85-90%,98
1239,South,11,590,54.78,580247.48,0,7.66,36.15,Low,Under 70%,467
1240,South,13,524,85.78,491056.61,2,10.09,57.11,Elevated,85-90%,194
1241,East,39,670,72.51,656946.39,3,11.56,69.47,Elevated,70-85%,33
1242,Central,11,876,60.72,132790.63,1,3.98,33.58,Low,Under 70%,481
1243,East,4,687,52.15,600133.35,1,11.2,42.64,Moderate,Under 70%,407
1244,East,7,663,54.3,616250.12,1,8.47,39.03,Low,Under 70%,441
1245,South,24,1044,74.97,581527.44,1,6.09,47.27,Moderate,70-85%,348
1246,South,32,676,57.56,487952.07,5,3.65,52.37,Moderate,Under 70%,265
1247,West,26,1497,88.85,793439.17,1,3.34,46.74,Moderate,85-90%,354
1248,Central,13,1145,48.77,639090.85,2,3.99,33.81,Low,Under 70%,479
1249,West,12,1019,67.87,143999.62,3,3.27,40.7,Moderate,Under 70%,429
1250,West,46,671,54.47,264760.11,4,1.48,49.7,Moderate,Under 70%,308
1251,East,2,360,101.29,905404.65,3,2.08,44.35,Moderate,Over 100%,392
1252,East,19,824,46.56,719627.85,3,0.28,31.13,Low,Under 70%,489
1253,Central,50,676,87.63,791802.91,2,3.49,59.27,Elevated,85-90%,158
1254,East,6,1362,83.8,677642.58,1,9.14,48.82,Moderate,70-85%,315
1255,East,14,1462,72.14,168397.07,3,1.41,39.06,Low,70-85%,440
1256,West,10,1169,103.62,155683.98,3,8.45,60.99,Elevated,Over 100%,120
1257,North,35,441,103.45,757372.69,4,3.62,64.27,Elevated,Over 100%,79
1258,East,13,432,96.98,946613.63,3,7.56,58.41,Elevated,90-100%,171
1259,Central,31,645,58.85,551251.96,3,8.67,56.4,Elevated,Under 70%,210
1260,North,51,748,79.03,796289.5,2,5.11,60.33,Elevated,70-85%,138
1261,East,54,603,51.03,406451.67,4,4.5,57.91,Elevated,Under 70%,180
1262,Central,7,884,85.07,649680.65,2,8.54,51.4,Moderate,85-90%,284
1263,Central,25,1416,70.8,299770.0,2,10.98,59.2,Elevated,70-85%,161
1264,East,1,990,58.17,586382.43,3,4.49,35.83,Low,Under 70%,470
1265,West,7,1382,91.84,708014.5,2,9.92,56.19,Elevated,90-100%,215
1266,South,28,1456,80.66,242047.94,2,1.59,44.58,Moderate,70-85%,388
1267,Central,33,807,56.02,729134.25,2,0.06,36.13,Low,Under 70%,468
1268,Central,1,1302,81.21,732888.5,2,7.85,46.46,Moderate,70-85%,361
1269,South,41,656,51.92,146849.01,3,8.36,57.7,Elevated,Under 70%,183
1270,South,30,1094,96.69,560703.59,2,4.53,56.07,Elevated,90-100%,217
1271,East,25,497,51.45,543318.44,3,5.32,45.08,Moderate,Under 70%,380
1272,North,42,1362,57.04,854389.64,3,8.55,60.01,Elevated,Under 70%,143
1273,West,53,862,51.27,834449.4,2,6.91,56.4,Elevated,Under 70%,210
1274,Central,26,697,94.7,523865.06,5,0.41,54.63,Moderate,90-100%,235
1275,South,12,1325,50.84,784102.43,5,0.54,36.13,Low,Under 70%,468
1276,South,28,1242,69.06,442773.24,0,8.19,48.3,Moderate,Under 70%,324
1277,Central,18,1006,75.51,644303.72,4,3.06,47.97,Moderate,70-85%,333
1278,South,36,747,55.96,214730.42,6,6.38,61.95,Elevated,Under 70%,107
1279,South,25,534,45.68,965893.62,1,10.79,48.28,Moderate,Under 70%,325
1280,West,11,1351,94.04,940299.52,2,7.71,54.03,Moderate,90-100%,238
1281,Central,11,1289,53.85,208721.66,3,8.69,46.94,Moderate,Under 70%,350
1282,North,31,1489,96.06,499452.71,3,0.68,51.58,Moderate,90-100%,280
1283,Central,31,505,65.56,70134.43,4,10.88,65.83,Elevated,Under 70%,66
1284,North,22,1113,48.87,448932.63,5,5.06,48.58,Moderate,Under 70%,319
1285,North,29,813,65.34,668789.59,2,9.75,56.7,Elevated,Under 70%,202
1286,South,54,1304,53.66,975955.59,2,2.59,48.88,Moderate,Under 70%,314
1287,West,7,838,85.94,989815.97,1,2.76,37.1,Low,85-90%,459
1288,Central,37,736,80.86,616223.17,3,6.89,61.84,Elevated,70-85%,110
1289,West,18,436,60.45,476515.34,2,7.24,45.82,Moderate,Under 70%,372
1290,North,20,1001,104.28,554776.59,4,10.22,71.72,Critical,Over 100%,22
1291,South,19,551,94.9,712903.14,2,5.1,52.27,Moderate,90-100%,269
1292,West,15,411,95.2,214848.59,4,10.92,68.4,Elevated,90-100%,41
1293,South,12,1007,102.87,358749.96,3,7.94,60.54,Elevated,Over 100%,134
1294,East,14,693,89.63,508692.37,4,7.03,58.55,Elevated,85-90%,170
1295,North,13,1286,68.15,252286.1,2,8.25,48.14,Moderate,Under 70%,329
1296,East,48,869,81.99,704615.97,2,7.89,65.58,Elevated,70-85%,69
1297,South,9,689,86.81,869611.86,0,3.5,36.64,Low,85-90%,464
1298,South,46,598,57.91,589640.79,4,7.37,62.51,Elevated,Under 70%,101
1299,North,32,995,92.93,332495.03,1,4.22,52.12,Moderate,90-100%,271
1300,East,18,1287,100.62,641311.84,6,2.65,60.69,Elevated,Over 100%,128
1301,Central,47,1352,57.69,126599.83,1,0.17,39.45,Low,Under 70%,438
1302,East,15,985,76.11,761779.45,3,5.29,48.41,Moderate,70-85%,322
1303,South,9,477,60.87,291170.23,3,7.51,45.88,Moderate,Under 70%,371
1304,West,45,613,93.76,373090.74,3,3.05,61.23,Elevated,90-100%,115
1305,Central,39,481,81.59,707264.22,0,5.19,50.46,Moderate,70-85%,297
1306,Central,26,1072,52.93,419225.15,4,10.82,59.92,Elevated,Under 70%,146
1307,West,10,1384,80.79,511443.1,3,4.63,46.5,Moderate,70-85%,360
1308,South,46,524,47.62,237177.27,2,4.33,47.35,Moderate,Under 70%,346
1309,North,22,1102,87.46,101228.48,3,10.0,64.04,Elevated,85-90%,83
1310,North,4,788,90.48,952242.91,3,7.88,53.5,Moderate,90-100%,246
1311,North,11,869,91.64,139519.97,2,11.35,60.59,Elevated,90-100%,132
1312,Central,27,1165,80.13,680873.37,4,0.58,48.0,Moderate,70-85%,331
1313,Central,24,1020,82.69,478226.32,2,5.29,50.99,Moderate,70-85%,291
1314,North,3,1133,57.59,515983.27,2,4.65,33.78,Low,Under 70%,480
1315,Central,35,638,46.62,436502.18,4,10.7,61.39,Elevated,Under 70%,114
1316,North,11,900,48.78,238758.77,2,11.18,47.39,Moderate,Under 70%,343
1317,East,3,387,74.51,784205.04,4,8.84,53.23,Moderate,70-85%,249
1318,West,11,423,73.68,678331.93,3,0.54,36.58,Low,70-85%,465
1319,West,29,952,66.62,492590.07,4,6.12,55.83,Elevated,Under 70%,219
1320,East,17,461,64.45,482154.53,7,6.24,59.62,Elevated,Under 70%,153
1321,Central,18,1016,95.88,376562.39,3,5.32,55.6,Elevated,90-100%,222
1322,Central,5,1135,101.88,105456.27,3,11.16,63.88,Elevated,Over 100%,84
1323,West,22,1395,75.24,359444.04,2,5.7,48.77,Moderate,70-85%,317
1324,East,47,586,46.43,414154.43,6,2.89,56.51,Elevated,Under 70%,207
1325,North,22,753,63.37,717155.58,3,3.98,44.77,Moderate,Under 70%,386
1326,South,41,1128,98.18,136404.59,1,5.91,60.67,Elevated,90-100%,131
1327,West,5,633,93.0,447810.54,1,4.07,41.04,Moderate,90-100%,426
1328,Central,42,619,95.21,59947.58,3,8.13,70.62,Critical,90-100%,26
1329,Central,1,857,70.05,937724.13,3,5.41,41.24,Moderate,70-85%,424
1330,East,28,1086,75.14,810075.14,1,6.33,49.4,Moderate,70-85%,311
1331,West,46,1436,64.81,134395.05,4,9.07,67.98,Elevated,Under 70%,46
1332,West,43,383,96.66,709538.42,3,6.47,68.14,Elevated,90-100%,44
1333,East,3,1115,91.41,805533.04,1,5.02,41.66,Moderate,90-100%,417
1334,West,23,1449,67.97,816151.65,6,3.84,55.27,Elevated,Under 70%,224
1335,Central,6,1172,47.58,842848.17,2,4.5,31.67,Low,Under 70%,486
1336,North,11,1431,53.28,749633.33,3,0.47,30.32,Low,Under 70%,492
1337,East,4,1445,80.41,127597.94,1,9.87,48.46,Moderate,70-85%,320
1338,West,9,1431,89.94,858613.09,2,0.1,36.78,Low,85-90%,463
1339,South,51,1371,101.95,344897.7,3,2.71,65.4,Elevated,Over 100%,70
1340,North,39,398,93.84,64492.73,3,6.13,65.01,Elevated,90-100%,75
1341,South,53,794,86.41,996680.69,2,3.44,60.0,Elevated,85-90%,144
1342,West,9,327,101.46,982655.06,2,1.41,42.86,Moderate,Over 100%,405
1343,North,20,1480,78.76,277240.37,2,8.42,54.47,Moderate,70-85%,236
1344,East,19,1362,56.73,201164.99,2,8.78,48.18,Moderate,Under 70%,328
1345,East,28,634,56.4,642098.53,1,11.29,53.7,Moderate,Under 70%,244
1346,East,28,786,77.1,944731.92,2,5.49,51.31,Moderate,70-85%,286
1347,East,26,1366,95.98,775372.38,3,6.33,60.85,Elevated,90-100%,124
1348,Central,19,1462,86.53,554240.78,2,9.14,57.84,Elevated,85-90%,181
1349,East,48,1353,84.44,291682.47,2,2.11,54.75,Moderate,70-85%,234
1350,Central,26,400,49.23,943029.15,3,8.24,50.65,Moderate,Under 70%,295
1351,East,20,1400,83.61,252873.23,1,1.15,38.38,Low,70-85%,446
1352,North,45,812,54.39,303043.97,4,0.63,47.58,Moderate,Under 70%,341
1353,North,9,1268,97.09,825345.4,2,5.43,49.59,Moderate,90-100%,310
1354,East,1,505,45.36,938645.9,4,1.75,29.51,Low,Under 70%,494
1355,Central,10,1038,73.66,236703.61,1,11.74,52.58,Moderate,70-85%,257
1356,North,32,1030,62.78,665797.36,2,9.5,56.63,Elevated,Under 70%,204
1357,Central,44,523,99.44,960178.21,4,4.07,67.57,Elevated,90-100%,52
1358,West,20,1351,92.07,340083.86,0,1.55,38.72,Low,90-100%,443
1359,Central,54,737,77.88,286718.46,5,0.06,60.08,Elevated,70-85%,142
1360,East,26,1219,70.38,546143.03,4,4.21,51.93,Moderate,70-85%,273
1361,North,26,787,74.3,294250.4,3,1.88,45.45,Moderate,70-85%,376
1362,West,23,1427,92.14,715243.1,4,9.55,67.94,Elevated,90-100%,47
1363,Central,14,451,93.21,718819.38,5,10.16,68.88,Elevated,90-100%,37
1364,East,29,1107,63.01,753819.52,1,9.44,52.38,Moderate,Under 70%,264
1365,East,6,1263,94.15,373650.9,1,9.38,52.4,Moderate,90-100%,263
1366,Central,19,759,45.61,919098.8,0,0.78,22.84,Low,Under 70%,500
1367,North,16,826,80.99,371305.74,2,5.0,46.7,Moderate,70-85%,356
1368,South,46,1158,50.44,60717.29,5,4.73,57.99,Elevated,Under 70%,179
1369,North,35,932,78.41,253003.54,3,2.57,51.66,Moderate,70-85%,279
1370,South,48,1436,68.17,108707.48,1,11.2,65.05,Elevated,Under 70%,74
1371,South,13,517,94.97,700710.49,2,9.31,58.31,Elevated,90-100%,172
1372,South,16,1237,49.13,607772.91,3,3.43,37.0,Low,Under 70%,461
1373,South,20,925,89.14,471611.79,1,9.95,57.64,Elevated,85-90%,185
1374,Central,38,1049,50.85,405834.32,5,1.17,47.8,Moderate,Under 70%,339
1375,South,25,606,78.97,937409.99,5,3.22,55.13,Elevated,70-85%,227
1376,South,35,802,80.71,857971.1,1,8.2,57.61,Elevated,70-85%,187
1377,North,4,470,102.74,812826.68,5,11.81,71.04,Critical,Over 100%,24
1378,North,54,665,74.79,948399.31,1,0.48,48.0,Moderate,70-85%,331
1379,South,40,367,58.6,685829.78,3,4.6,51.78,Moderate,Under 70%,276
1380,Central,25,402,76.87,206064.88,4,1.15,47.36,Moderate,70-85%,345
1381,West,26,364,104.46,160075.0,1,2.48,49.7,Moderate,Over 100%,308
1382,North,16,1077,54.44,433454.14,3,6.12,43.97,Moderate,Under 70%,398
1383,West,35,956,83.65,697274.29,3,9.73,67.56,Elevated,70-85%,53
1384,North,22,1055,45.15,841754.38,2,0.37,29.08,Low,Under 70%,496
1385,South,33,1468,94.84,971029.33,1,7.23,59.11,Elevated,90-100%,163
1386,West,23,1134,77.31,860462.05,2,3.28,44.95,Moderate,70-85%,383
1387,East,46,1079,78.63,878844.94,3,0.26,51.51,Moderate,70-85%,283
1388,Central,9,624,63.36,778007.21,1,5.64,36.89,Low,Under 70%,462
1389,East,27,1235,46.84,345337.25,0,8.2,41.25,Moderate,Under 70%,423
1390,North,13,720,76.49,406959.4,4,11.38,62.91,Elevated,70-85%,93
1391,North,16,650,92.79,492018.54,1,2.85,42.94,Moderate,90-100%,404
1392,Central,9,760,51.65,608245.3,1,5.96,34.02,Low,Under 70%,478
1393,East,6,1097,95.94,687093.64,2,5.51,48.2,Moderate,90-100%,327
1394,South,34,1142,64.19,667098.06,4,6.67,58.2,Elevated,Under 70%,177
1395,North,7,1091,55.26,174773.67,2,9.54,44.46,Moderate,Under 70%,390
1396,Central,10,1210,92.96,602084.04,2,3.63,45.15,Moderate,90-100%,379
1397,East,17,862,79.4,712626.72,2,7.61,51.84,Moderate,70-85%,275
1398,South,25,759,80.68,831728.9,1,11.04,59.28,Elevated,70-85%,157
1399,South,2,686,101.0,995402.52,3,4.02,48.14,Moderate,Over 100%,329
1400,West,18,1312,100.6,201800.65,3,9.18,64.74,Elevated,Over 100%,76
1401,West,47,980,89.32,838846.37,0,2.64,50.88,Moderate,85-90%,292
1402,North,47,943,92.2,908181.82,3,11.75,78.96,Critical,90-100%,3
1403,South,19,1317,64.94,524974.92,3,8.25,52.58,Moderate,Under 70%,257
1404,South,51,664,74.45,870013.47,1,0.2,46.14,Moderate,70-85%,367
1405,North,51,464,65.42,175004.36,0,8.42,56.87,Elevated,Under 70%,199
1406,North,8,1026,84.22,888457.76,2,9.37,53.21,Moderate,70-85%,250
1407,North,25,1299,86.39,545183.54,1,10.66,60.24,Elevated,85-90%,139
1408,West,24,894,52.96,258937.0,6,4.4,52.29,Moderate,Under 70%,268
1409,North,28,306,95.77,256174.94,2,11.81,69.55,Elevated,90-100%,32
1410,Central,35,1468,47.56,355662.24,2,2.89,40.05,Moderate,Under 70%,435
1411,West,43,483,91.32,968231.78,5,1.62,62.84,Elevated,90-100%,95
1412,West,49,520,66.65,340930.22,0,10.79,61.18,Elevated,Under 70%,116
1413,West,6,1024,50.77,769951.18,1,3.81,28.25,Low,Under 70%,497
1414,Central,20,470,50.71,872457.4,6,5.39,51.99,Moderate,Under 70%,272
1415,East,35,1411,82.12,541775.64,2,11.03,66.7,Elevated,70-85%,59
1416,West,28,1419,80.27,206098.14,2,0.75,42.78,Moderate,70-85%,406
1417,South,27,347,104.01,287026.73,5,3.32,63.64,Elevated,Over 100%,88
1418,South,23,448,75.64,989403.19,4,8.5,60.89,Elevated,70-85%,122
1419,South,48,350,81.84,770228.81,0,8.24,60.23,Elevated,70-85%,140
1420,Central,32,905,88.1,381606.95,0,2.23,43.69,Moderate,85-90%,399
1421,South,48,752,48.55,743000.89,2,8.5,56.76,Elevated,Under 70%,201
1422,Central,21,1011,88.69,222982.9,3,11.2,66.41,Elevated,85-90%,61
1423,North,16,777,85.96,903122.72,2,4.59,47.37,Moderate,85-90%,344
1424,West,3,630,84.88,391314.68,3,1.14,37.94,Low,70-85%,451
1425,South,26,939,47.84,771284.42,1,9.41,46.57,Moderate,Under 70%,359
1426,South,4,1103,71.45,72471.75,5,10.94,59.91,Elevated,70-85%,147
1427,West,31,438,68.18,686212.56,4,4.44,53.73,Moderate,Under 70%,243
1428,West,21,1107,46.85,413878.17,2,11.99,52.44,Moderate,Under 70%,261
1429,Central,30,1332,76.9,427351.55,1,1.85,41.77,Moderate,70-85%,416
1430,North,15,1304,96.63,157963.11,4,10.39,67.77,Elevated,90-100%,49
1431,South,14,1399,46.71,915663.5,4,3.0,37.61,Low,Under 70%,453
1432,South,51,1127,98.82,117506.94,2,7.16,70.37,Critical,90-100%,28
1433,North,1,1236,61.19,576750.94,4,4.78,40.32,Moderate,Under 70%,433
1434,North,52,410,94.66,860125.58,3,10.34,78.88,Critical,90-100%,4
1435,North,20,1413,66.4,530170.45,1,6.71,44.34,Moderate,Under 70%,393
1436,North,44,1251,103.07,650580.41,4,5.07,70.66,Critical,Over 100%,25
1437,West,13,515,50.14,410216.98,4,3.03,38.3,Low,Under 70%,449
1438,West,36,868,96.76,203759.52,5,3.96,66.35,Elevated,90-100%,62
1439,Central,23,1230,77.0,378530.39,3,9.69,60.68,Elevated,70-85%,129
1440,South,2,1458,104.18,690438.13,3,11.3,63.65,Elevated,Over 100%,87
1441,South,50,1108,63.05,442255.08,2,5.74,56.4,Elevated,Under 70%,210
1442,Central,24,918,73.65,514255.41,3,9.32,59.34,Elevated,70-85%,156
1443,East,51,873,79.2,442233.17,2,4.92,60.0,Elevated,70-85%,144
1444,West,31,832,93.27,53778.47,3,2.45,54.28,Moderate,90-100%,237
1445,West,48,1014,92.84,127509.19,6,9.08,83.21,Critical,90-100%,2
1446,Central,40,619,66.72,57753.16,3,8.04,61.1,Elevated,Under 70%,117
1447,East,42,1345,81.8,586831.1,6,0.82,60.98,Elevated,70-85%,121
1448,East,5,1341,48.95,230826.94,2,9.3,41.28,Moderate,Under 70%,422
1449,South,2,654,87.9,79392.34,5,2.12,46.41,Moderate,85-90%,363
1450,South,19,687,98.18,102508.21,1,8.44,56.93,Elevated,90-100%,197
1451,North,40,1445,99.65,276892.76,3,6.0,66.9,Elevated,90-100%,57
1452,North,20,581,53.55,575505.21,5,9.28,57.62,Elevated,Under 70%,186
1453,Central,43,1408,58.86,429578.7,3,6.92,57.7,Elevated,Under 70%,183
1454,East,32,551,48.81,416984.04,4,11.08,61.6,Elevated,Under 70%,113
1455,West,19,533,53.59,81738.4,3,7.08,46.84,Moderate,Under 70%,353
1456,Central,43,530,71.72,478000.12,3,7.49,62.7,Elevated,70-85%,96
1457,North,27,635,53.95,434698.77,4,2.28,43.54,Moderate,Under 70%,401
1458,South,40,1461,60.4,599905.06,3,2.23,47.58,Moderate,Under 70%,341
1459,West,32,701,55.21,826804.16,5,7.53,59.42,Elevated,Under 70%,155
1460,South,47,725,51.55,649057.35,0,7.1,48.46,Moderate,Under 70%,320
1461,South,34,1022,60.45,932521.83,3,2.17,45.08,Moderate,Under 70%,380
1462,East,16,1395,68.01,861179.52,3,4.17,44.14,Moderate,Under 70%,396
1463,Central,7,1406,75.97,668077.32,1,5.86,40.31,Moderate,70-85%,434
1464,Central,5,361,62.54,692392.27,6,5.62,50.0,Moderate,Under 70%,303
1465,South,27,350,98.7,378551.47,2,9.89,66.19,Elevated,90-100%,64
1466,North,19,1484,61.65,339549.1,3,6.42,47.94,Moderate,Under 70%,335
1467,East,4,1168,94.96,466565.13,1,3.9,40.89,Moderate,90-100%,428
1468,South,36,800,87.26,138006.27,2,0.36,47.3,Moderate,85-90%,347
1469,North,16,709,90.55,853268.05,3,9.11,60.78,Elevated,90-100%,126
1470,East,12,890,75.99,257712.3,1,7.39,45.38,Moderate,70-85%,377
1471,East,31,899,47.12,359303.76,2,10.33,53.2,Moderate,Under 70%,251
1472,East,18,1086,57.83,518980.78,4,1.02,38.59,Low,Under 70%,445
1473,Central,46,967,94.17,422504.24,3,2.61,60.87,Elevated,90-100%,123
1474,South,5,1391,90.17,694987.43,5,2.83,49.71,Moderate,90-100%,306
1475,Central,50,536,46.3,448157.85,1,10.68,58.25,Elevated,Under 70%,174
1476,East,2,511,91.56,237011.62,3,8.26,53.79,Moderate,90-100%,241
1477,East,52,1490,97.44,409200.33,1,5.8,64.63,Elevated,90-100%,77
1478,West,53,1338,85.39,801078.09,3,2.96,61.74,Elevated,85-90%,111
1479,East,31,1313,79.39,329431.27,2,11.8,65.82,Elevated,70-85%,67
1480,Central,50,658,69.61,397576.97,4,7.59,68.06,Elevated,Under 70%,45
1481,North,30,1328,74.29,493743.53,4,5.46,57.21,Elevated,70-85%,192
1482,West,39,1393,75.47,859915.09,4,3.08,56.4,Elevated,70-85%,210
1483,East,35,615,67.08,666307.26,1,11.54,60.2,Elevated,Under 70%,141
1484,North,52,1205,53.19,642903.09,4,2.61,53.98,Moderate,Under 70%,240
1485,North,44,1025,84.1,181220.34,1,9.12,64.07,Elevated,70-85%,82
1486,South,13,1277,57.04,853518.8,5,7.21,51.73,Moderate,Under 70%,278
1487,East,31,1183,103.89,93114.79,4,3.19,61.95,Elevated,Over 100%,107
1488,Central,31,924,79.62,522951.23,3,0.52,46.33,Moderate,70-85%,365
1489,Central,3,857,58.4,303973.57,4,2.24,35.2,Low,Under 70%,473
1490,North,30,688,91.08,892857.41,2,7.53,60.38,Elevated,90-100%,137
1491,East,47,994,48.11,511425.65,3,3.94,50.11,Moderate,Under 70%,302
1492,Central,4,903,85.84,805244.15,2,6.63,46.61,Moderate,85-90%,357
1493,Central,39,601,54.24,395590.0,2,11.61,61.09,Elevated,Under 70%,118
1494,North,52,896,90.02,496971.35,3,4.77,66.35,Elevated,90-100%,62
1495,Central,21,422,69.97,717784.53,1,1.48,35.35,Low,Under 70%,472
1496,North,54,784,72.49,647716.42,0,2.23,47.81,Moderate,70-85%,338
1497,West,42,1147,89.98,475406.63,4,6.51,68.81,Elevated,85-90%,39
1498,South,14,1063,64.63,736315.9,3,2.34,38.67,Low,Under 70%,444
1499,West,36,640,94.65,744153.65,3,4.46,60.72,Elevated,90-100%,127
